,co2_emissions,pesticide_by_tonnes,ag_percent_gdp,gdp,ag_gdp
min,715.065,29.42,0.07646095,1200541200.0,91794520.66614
25%,59429.99955892563,8081.7175,82.206934425,477616173200.0,3212784795537.8486
50%,299900.0011920929,39208.125,224.2083053,1473260608000.0,13474810691236.855
75%,1679504.993476868,211685.475,511.71747200000004,7399764292500.0,45456915145452.05
max,180722829.2578125,9557800.0,1516.441087,378719475000000.0,3202645149745329.5
